Official Name,Seconds,Timestamp,What the AI Heard,Match Confidence %
ROSHAN SURESHRAO BHANUSE,,,,0
VIKAS RAMESHRAO PALEKAR,,,,0
LAKSHMI R SURESH,,,,0
PRANITA PRAMOD DESHMUKH,10685,2:58:07,Pran Shush Chachan,87
DR. M. SURESH,,,,0
P.V.S.S.A.PARIMALA,9090,2:31:32,Parimala,80
PAVAN MEHTA,9159,2:32:41,Pawan Maheta,89
ANIRUDDHA PRAKASH KSHIRSAGAR,9159,2:32:41,Aniru Suprakas,89
K.PALLAVI,9267,2:34:29,Pallavi,80
ASHUTOSH KHANNA,9298,2:35:00,Asu Tos Kanna,89
SHEKHAWAT SHIVKUMAR SINGH,12275,3:24:37,Babha Rukumar Singh,88
VANSHIKA SHARMA,,,,0
MOKSHA.T,,,,0
RAHUL NIHALANI,,,,0
MISHRA KUNAL MANOJKUMAR,31716,8:48:38,Rishita Kuala,82
ANANYA DAS,,,,0
MAYANK SETH,26256,7:17:38,Pimaan Shurao Fethi Bhotla,78
PRAFULL FARSWAL,,,,0
SHAH PRIYANSHI MINESHKUMAR,,,,0
AARON B DANIEL,22905,6:21:47,Arun Dinev Ocha,78
YESHWANTH K,24771,6:52:53,Esha Fattaira,65
SUBHIKSHAA S,27304,7:35:06,Shish Dvd,68
TANISHQ KOLHATKAR,,,,0
AANAND G NAIR,,,,0
AGNIHOTRI ABHIRA ANANT,,,,0
SANSKRUTI SINHA,,,,0
SAIYED MEHRINBANU IQBALHUSAIN,9858,2:44:20,Syed Merin Babu,88
AASHINA SAXENA,9897,2:44:59,Asena Saksena,85
AASTHA SMRITI JHA,,,,0
ASHISH ANAND,24787,6:53:09,Sanjana Shriksh,82
DISHANT KAUSHIK,18728,5:12:10,Dixha Kushwa,80
HARSH RAJ,,,,0
SHREYA SAHU,18830,5:13:52,Shrey Anshu Balerji,88
ADITYA RAJKUMAR KOLHE,,,,0
KARTIKEY VISHWAKARMA,,,,0
AVNI AGRAWAL,10105,2:48:27,Abhni Agarwal,88
SOMYA NIGAM,10141,2:49:03,Somia Negum,83
VAIBHAV PATIL,26861,7:27:43,Rabeha Padi,79
AMAN RAHANGDALE,23334,6:28:56,Kajasvi Raman,86
ANAND HIREMATH,,,,0
ANUSHTHA SHRIVASTAVA,31980,8:53:02,Yasheshweta Shri Vashthal,85
PRADEEP OJHA,,,,0
RONAK NAGDA,,,,0
SNEHA YADAV,,,,0
SHIVANI PAL,,,,0
NEHA KUSHWAHA,18976,5:16:18,Webha Shwasta,78
AJAY VISHWAKARMA,10346,2:52:28,Ajay Bissagarma,89
TANU TOMAR,10406,2:53:28,Tanut Unmar,85
SOURABH SHRIVASTAVA,12570,3:29:32,Saurav Shuvasto,79
UJJWAL PRATAP SINGH,,,,0
SHENMARE PARAS SANJAY,9124,2:32:06,Sangram Sanjay Rao,87
PRIYAM VYAS,,,,0
ADITYA SHARMA,,,,0
AVANISH KUMAR,,,,0
SATVIK GUPTA,,,,0
SUMUKH GUPTA,,,,0
PAWAS TUMBDE,,,,0
SK MD HASNAIN HOSSAIN,,,,0
AYUSHMAN RAY,,,,0
AVYAAN VERMA,,,,0
KRATIKA DESHLEHRA,,,,0
AKSHAT YADAV,,,,0
PRACHI TAVSE,26012,7:13:34,Das sind wir nach Hause,74
SHIVANI PATEL,,,,0
SHAURY SINGH,,,,0
LAKSHAY SRIVASTAVA,,,,0
SANYAM GARG,,,,0
BRAHM DEV,25346,7:02:28,Ich bin der Herr Franchumann,77
AARYAN SINGH RAWAT,,,,0
AVIRAL DWIVEDI,12447,3:27:29,Abhira Divedi,88
TIWARI PAARTH ANAND,,,,0
AMAN KUMAR SINGH,,,,0
VAIBHAV JINDAL,12532,3:28:54,Webhav Jindal,87
NITYA DHARMESHKUMAR SH,,,,0
AYESHKANT RAY,,,,0
ASHUTOSH PATRO,,,,0
JAHNVI SAXENA,,,,0
SANYUKTA GOKHALE,,,,0
SARVESHA SINHA,17584,4:53:06,Reshav Kumar Singh,83
SANDEEP BALABANTARAY,,,,0
TANUSH ABHIJIT DESHPANDE,,,,0
OMPRASAD BEHERA,9267,2:34:29,Prasad Begde,84
ANAY VERMA,13125,3:38:47,Abhay Varma,84
JEEVANSH GROVER,12774,3:32:56,Jivas Grover,90
DEVANSH JADON,12680,3:31:22,Devaj Zadon,87
SAACHI DUGGAL,12952,3:35:54,Sachi Douglas,88
KULDEEP SINGH SHEKHAWAT,,,,0
DADGA PREET ASWIN,12762,3:32:44,Prith Ashwain,86
SNEHA KUMAWAT,13642,3:47:24,Neha Kumarv,89
KARTIKEY CHANDRA SHUKLA,,,,0
SPANDAN TRIPATHY,,,,0
KARTIKEY AGGARWAL,,,,0
DIVYANSH KARAN,,,,0
RAKESH KUMAR SINGH,,,,0
DIYA RAJ,22973,6:22:55,Kriya Raju,86
SAMAKSH SETHIYA,,,,0
ABHISHEK TRIPATHI,,,,0
SAURABH SANEESH,,,,0
MANSI BHARDWAJ,,,,0
MUDITMAYANK MISHRA,,,,0
ALUR AMRUTH RAMAPPA,9188,2:33:10,Amruta Mayur Prasadkar,86
SHASHANK SALIMATH,26847,7:27:29,Samak Shidji,80
ANANNYA BHATI,29781,8:16:23,Anand Bihani,86
MOTE ARADHANA DADA,,,,0
ANSHUL DEEWAN,12339,3:25:41,Anshund Devan,88
MANAN SETH,13457,3:44:19,Malan Seat,88
PRAKHAR SHUKLA,,,,0
DEVANSH GARG,13449,3:44:11,Devansh Gur,88
ATHRV MITTAL,14377,3:59:39,Athar Bithal,84
PALAK SHUKLA,28479,7:54:41,Shubhadi Paldar,84
BHOOMI CHOWKSEY,9011,2:30:13,Anirbhan Bhomey,78
SRIJAN MAURYA,,,,0
ABHIMA KULSHRESTHA,,,,0
ABHISHEK GANGWAR,,,,0
AMANDEEP SINGH,,,,0
KUSHAL BHANA,13027,3:37:09,Hushan Bhanna,87
RIYA SACHDEVA,,,,0
AYUSH GUPTA,17438,4:50:40,Ayos Gutta,86
RIDDHIMA BHOWMICK,,,,0
MANAV ALOK ACHARYA,12946,3:35:48,Malau Aloo,84
KHUSHAL JAIN,,,,0
DEVANSH GIROTRA,,,,0
ANURAG MAURYA,13419,3:43:41,Maurya,89
ARPIT GUPTA,12362,3:26:04,Arpe Gopta,86
SHUBHAM BARNWAL,,,,0
STANLEY S ABRAHAM,18181,5:03:03,Atharva Pandey,76
VAISHNAVI TIWARI,,,,0
RAUNAQ JAIPURIAR,,,,0
GAYATRI NAGI,18968,5:16:10,Werag Agbari,77
SHASHWAT AGRAWAL,,,,0
ADITYA TANWAR,13803,3:50:05,Aditya Patar,87
PHATAK SHAUNAK SHIRISHKUMAR,19786,5:29:48,Ute Shikumar,82
KAVYA TELANG,,,,0
MOHAMMAD AYAAN NOOR,,,,0
MALI MANDAR MUKUND,,,,0
SOHIL S PHILIP,,,,0
ADITYA CHANDRA,17644,4:54:06,Ritya Chandain,87
ISHANT GUPTA,,,,0
GHANSHYAM KUMAR,,,,0
NEHA PAL,,,,0
SUMEET SAHU,,,,0
KRITI PORWAL,10789,2:59:51,Pina Ki Priya,78
UTKARSH KULSHRESTHA,,,,0
YASH VERMA,,,,0
MEET ADLAKHA,,,,0
ASHI SUGANDHI,14466,4:01:08,Ashish Ghandi,88
ATHARV SATHE,14831,4:07:13,Athar Sakeh,90
RIDDHI SHRIVASTAVA,17664,4:54:26,Samar Prithi Shrivastava,89
ARYANSH GUPTA,,,,0
YASH TILWANI,,,,0
AKSHIT KUMAR,,,,0
SOMYA BISHT,,,,0
RISHI JHA,,,,0
DEVANSH TYAGI,,,,0
ABHINAV ANAND,,,,0
JATIN SEN,,,,0
ISHA PRAJAPATI,,,,0
YAGYESHZ VISHNOI,14088,3:54:50,Yogesh Vishnu,87
HARSH BURMAN,19340,5:22:22,Harsh Parman,89
SK SAHIL ISLAM,,,,0
SARTHAK KUMAR,,,,0
ADITI SINGH,,,,0
RAJPAL MALLIKA MANISH,,,,0
SHUBHAM KUMAR,,,,0
PRANAY KUSHWAHA,13785,3:49:47,Purnay Kuswaha,89
RIA PANDEY,17312,4:48:34,Rhea Pange,81
ANSH SINGH,,,,0
ANKIT HAZARIKA,,,,0
UTSAV PAL,,,,0
LAY SHETH,,,,0
AMAN KUMAR,,,,0
MD MAHBOOB ALAM,,,,0
KHUSHI AGGARWAL,12286,3:24:48,Kushi Agribal,84
LAKSHAY PESWANI,,,,0
RIDDHIKA TRIPATHI,31802,8:50:04,Rithi Vithiga,81
MODH MITUL KALPESHKUMAR,,,,0
KARTHIK M,24308,6:45:10,Karthik Am,80
CHAKRABORTY SUBHAJIT RABINDRANATH,,,,0
SHATAKSHI DUBEY,12280,3:24:42,Chattakshi Tubeh,81
AARAV SAXENA,,,,0
MAYANK KANDPAL,14950,4:09:12,Mayank Khan Pal,88
ADITYA VIKRAM SINGH,,,,0
DIVYA TIWARI,18704,5:11:46,Devya Tibari,90
HITANSHU YADAV,,,,0
SURYAPRATAP SINGH,,,,0
VIRAJ PATIDAR,,,,0
NAVNEET GUPTA,,,,0
SANSKRITI TYAGI,,,,0
ANURAN MONDAL,,,,0
TRUSHA ANAND,,,,0
VRUSHTI NAINESHKUMAR PATEL,28027,7:47:09,Manav Naresh Patil,85
DHRUV KAKARLA,,,,0
HARSH DAYAL,,,,0
PREETI PATIDAR,,,,0
SANSKRITI AGARWAL,,,,0
SHIFA SHEIKH,24895,6:54:57,Samohamma Atiwala Sheikh,88
HARSHITA MITTAL,,,,0
PRATYUSH DUBEY,,,,0
ANSH RAUT,,,,0
SHUBHRA AWASTHI,21684,6:01:26,Chobra Avastin,79
PRAJEET DUBEY,,,,0
ABHINAV TIWARI,22921,6:22:03,Fabia Tiswalka,78
NAMAN KUNDAN,,,,0
ABHINAV PRASAD,13283,3:41:25,Om Prasad Bahira,89
NISHANK CHOUREY,26677,7:24:39,And our Nidhashana,81
ABHYA ANAND,,,,0
VAIBHAV TYAGI,,,,0
AVIRUDDH SINGHAL,,,,0
ARNAV GROVER,,,,0
KHUSHI THAKUR,,,,0
ABHAY SINGH CHAUHAN,,,,0
PRAKRITI CHANDEL,,,,0
SURVANSHI AYUSH VIRENDRAKUMAR,18220,5:03:42,Arushi,78
DEVANSH TIWARI,,,,0
SOUMYASHIS SARKAR,,,,0
HARSHVARDHAN SINGH,,,,0
KOMAL BAID,,,,0
IKSHU PATNI,26796,7:26:38,This is not a time to be impatient,78
ROHAN GAUTAM,14333,3:58:55,Rona Gupta,83
AAKASH GUPTA,,,,0
KAMILKHAN PATHAN,,,,0
PRIYADARSHI NIHAL,,,,0
SAMARTH SAXENA,,,,0
SIDDHARTH JHA,,,,0
JITHIN JACOB MATHEW,19356,5:22:38,Jatin Jakub Mathew,89
HARSH SHUKLA,,,,0
PARSEWAR GIRIRAJ PRADEEP,15284,4:14:46,You are a girl,80
TANISHQ KAKKAR,20762,5:46:04,Anish Kukaka,87
SHASHIDHAR KITTUR,,,,0
AKSHAT SINGH,,,,0
KHUSHAL BHARDWAJ,22618,6:17:00,Saty Bhushan Bhaira,84
AMOL TRIPATHI,,,,0
UTKARSH VATS,,,,0
DINDAYAL SINHA,10593,2:56:35,986 others in person,78
ANVIT PUSALKAR,29287,8:08:09,Tanvi Patkare,83
PRAGNI NAIK,,,,0
UDDEISHYA KUMAR,,,,0
MAHI PRIYADARSHI,,,,0
SIDDHANT JHA,,,,0
SWAPNIL SINGH,,,,0
PREM ARORA,21826,6:03:48,Supreme Aroda,88
UDDHAV PHATAK,,,,0
AGRIMA JOSHI,,,,0
KHUSHI GOYAL,18310,5:05:12,Khashii Goel,85
AKSHAT VINOD AGRAWAL,,,,0
OM SHARMA,,,,0
ADLA PRASAD REDDY,31403,8:43:25,Anjila Prashad Nayar,87
KHUSHI ROY,,,,0
RISHABH MUNJAL,29577,8:12:59,Ishita Mejra,74
BAIBHAV KUMAR SINGH,,,,0
SHISHIR AGARWAL,18140,5:02:22,Ghoshi Agarwal,87
ABHINAV UPADHYAY,,,,0
PACHORE ARYAN ABHAYKUMAR,9328,2:35:30,Abhrar Yaku,79
DISHA NAVEEN,18291,5:04:53,Dhesha Navin,82
GARV GOYAL,,,,0
VYSHNAVI MADHUSUDHAN,,,,0
AYUSH KUMAR SINGH,,,,0
UTKARSH BANSAL,,,,0
NISHITHA SINGH,,,,0
JOSHI SAEE SHARDUL,,,,0
RAJ ARYAN SHARMA,,,,0
ANSHUMAN ANAND NAYAK,19730,5:28:52,Anshkanna,84
AKSHITA SAXENA,18320,5:05:22,Akshita Sakshina,89
DALVI ANSHUL AJIT,,,,0
SRISHTI JITPURE,,,,0
SHIVANSH PANDEY,,,,0
PURNIMA SAHOO,,,,0
DEVANSH KALURA,,,,0
KECHE PRATHAMESH RIKUNJAY,,,,0
CHARUL DONGRE,14715,4:05:17,please be seated on the chair,83
NAIR SHARAD BINOY,24286,6:44:48,Affair Sharma,84
KAUSTUBH JAISWAL,,,,0
ARYAN ATWAL,,,,0
MAYANK RAWAT,,,,0
VIROCHNA SAXENA,18466,5:07:48,Virochha Sakshina,86
PRIYANSHU KUMAR,,,,0
VANSH KAPOOR,,,,0
PRINCE CHOUDHARY,,,,0
ARYAN SRIVASTAVA,,,,0
SUBHANGINI GUIN,,,,0
PRASAR SRIVASTAVA,,,,0
SHINDE NISHANT SANJAY,22914,6:21:56,Shivan Anandanthi,81
PATEL RIYABEN BHAVESHKUMAR,,,,0
AKSHAT GUPTA,,,,0
RIMJHIM JHA,,,,0
RISHITA PRIYADARSHINI SARAF,,,,0
PRATHUM BHANGADIA,,,,0
NIMISH SELOT,,,,0
IMTISAL SAHIL ANSARI,10634,2:57:16,Akhil Bhaskar,81
KHUSHI TIWARI,,,,0
KAUSTUBH AGRAWAL,,,,0
ADITI SRIVASTAVA,,,,0
SANT SARTHAK HARSHAL,14104,3:55:06,Ria Sat Deva,89
HARSH PRATAP SINGH,,,,0
SAURAV KHANAL,,,,0
SOMIL AGRAWAL,,,,0
PRANJALI VERMA,23738,6:35:40,Sanjani Varma,83
SATRAJIT MUKHERJEE,,,,0
HIMANSHU KUMAR SINGH,,,,0
SARTHAK BHATNAGAR,29117,8:05:19,Parthaga,76
KSHITIJ KUMAR,,,,0
MIHIKA KESHKAMAT,18708,5:11:50,Mehika Keish Kamat,82
SIMARPREET SINGH,,,,0
SRISHTI AGARWAL,,,,0
PRITISH AGNIHOTRI,19072,5:17:54,Pradesh Agnihotri,89
NITIN KUMAR,10074,2:47:56,Nisan Kumar,89
SNEHA MISHRA,,,,0
ASMI WALIA,,,,0
SOMSUBHRO CHAKRABARTI,17034,4:43:56,Shom Shubhru Chakraburti,87
AVICHAL DWIVEDI,,,,0
DEEKSHA KUSHWAHA,,,,0
TANWEER IQBAL,16808,4:40:10,Tanvir Ekbal,78
HAKEEM MOHAMMAD SALLAUDDIN,26660,7:24:22,Everyone all the students please take your seats,76
ADITYA DUBEY,,,,0
AJIT DIXIT,19188,5:19:50,Aditi,79
RIYA PRASHANT MANDAOGADE,18330,5:05:32,Riyapreshan,83
PRATHAM AMIT SINGH,,,,0
ANEESWA CHOWDHURY,,,,0
RUSHIKESH RAUT,19852,5:30:54,Rishikesh Raoud,86
SANKALAN SINHA MAHAPATRA,,,,0
ANASWAR L,22264,6:11:06,Anaswar El,80
DESHMUKH TUSHAR NAGESH,,,,0
KAUSHAL GANGWAR,,,,0
ESHWARI ANAND NAIDU,9478,2:38:00,Anand Niyada,88
SHITANSHU YADAV,19318,5:22:00,Shashikumar Yadav,88
SAMRATH THAPAR,17342,4:49:04,Amar Prith Kaur,76
KAVATE DNYANESH PRASHANT,,,,0
LAKSHAY GARG,,,,0
LEEVESH KUMAR,,,,0
HARSH ANAND DHUMAL,,,,0
SREYA NAIR,19014,5:16:56,Shreya Nayar,89
KUSHAGRA VARDHAN,14831,4:07:13,Shankar Varani Keshaval,83
KHUSHI GUPTA,18746,5:12:28,Koshi Gupta,88
PRIYANSHI SHARMA,,,,0
SOURAV SUBHAM,13687,3:48:09,Suhan,79
PARIVED ARORA,,,,0
DIVYANSH CHAUDHARY,,,,0
P RAMESH,,,,0
NISHANT GUPTA,,,,0
AYAN AHMAD,13598,3:46:40,Madhav Dayan,87
VANSH DEWAN,,,,0
SAANVI SHARMA,18388,5:06:30,Shandhi Sharma,89
RISHABH SURI,,,,0
VARUN SOLANKI,,,,0
SHREYAS BISHNOI,,,,0
PRIYANSHI MAHAJAN,,,,0
YATHARTH NAGPAL,,,,0
ANAM SAEED,,,,0
ASHUTOSH SINGH RAWAT,,,,0
SWASTIK NANDA,,,,0
SHOURYA SAXENA,,,,0
YASHOVARDHAN TIWARI,,,,0
KOTHARI SUJAL MANOJ,,,,0
SAHIL SAXENA,,,,0
GOURI GARG,23215,6:26:57,Gauri Shankar,85
ASHMI JAIN,18634,5:10:36,Anushri Jai Sarkar,88
SHINDE VEDANT SAHEBRAO,21334,5:55:36,Jai Shri Sharma,79
NITISHA GUPTA,,,,0
OMKAR ANKUSHRAO GAIKWAD,20718,5:45:20,Koonkar Ankushra Gayakwar,87
SUYASH BANDI,12295,3:24:57,Ayash Kandri,82
YASH SINGH,,,,0
SANAT SETH,15196,4:13:18,Please take your seat,84
SHRUTI SHUKLA,,,,0
HARDIK NAMAN,,,,0
SAURISH SHARMA,9600,2:40:02,Samrithi Sarma,89
UNADKAT VATSAL KASHYAP,,,,0
VASU AGRAWAL,,,,0
ADIT AGGARWAL,,,,0
NIRMIT BANSAL,,,,0
SHASHWAT DIMRI,,,,0
ANUSHREE JAISWAL,18674,5:11:16,Anushri Jai Sarkar,89
ARCHITA SHUKLA,29849,8:17:31,Amritan Shude,81
MANAS GUPTA,,,,0
DHIRAN DAKSH SHYAMSUNDER,,,,0
MUDIT AGARWAL,,,,0
SIDDHANT GARG,,,,0
SUYASH AGARWAL,,,,0
VATSAL BARANWAL,,,,0
ANSH KHANNA,,,,0
ADITYA PODUVAL,,,,0
AINESH SRIDHAR,17732,4:55:34,Ani Shridhar,84
KANISHK SHUKLA,,,,0
AYUSH SAXENA,,,,0
KRISHNA SHARMA,,,,0
SOUMYA PRAKASH DASH,,,,0
TEJASWA DAVE,,,,0
KARAN SAXENA,,,,0
ADHIRAJ SINGH RAWAT,,,,0
VIPRANSH ANAND,17024,4:43:46,Vipran Shanan,89
HARSHVARDHAN H AMRELIYA,,,,0
YUVRAJ PRATAP SINGH,,,,0
GEETHA SRUTHI RUDRAPATI,,,,0
RAUNAK GUPTA,,,,0
AKSHAT BHRIGUVANSHI,,,,0
YASH MALIK,14150,3:55:52,Yes Malik,88
ADHITA SINHA,,,,0
PULASHYA VERMA,,,,0
BHAGYASHREE TANWAR,18578,5:09:40,Riddhima Shavash Tava,76
CHINDIRI CHAKRI,14715,4:05:17,so all the graduates please be seated on the chair,86
KUSHAGRA SISODIA,,,,0
PATHADE KETAN EKNATH,10712,2:58:34,Nirmal Nath K,81
BOYINA CHETAN PRASAD,,,,0
ADITYA KUMAR GAUTAM,,,,0
MADHAV TAYAL,10848,3:00:50,Satyam Yadav,78
DEBADRITA DEY,8858,2:27:40,Kamiya Pithor De,85
SHIVALIK MATHUR,19622,5:27:04,Shvanik Mathar,89
ARYAN KUSHWAHA,,,,0
KULKARNI ARNAV DHANANJAY,,,,0
BHATLAWANDE KASUTUBH SHRIKANT,9840,2:44:02,Sangas Kruthi Srinath,79
ABHISHEK DAS,26656,7:24:18,This is your day of celebration please sit down,79
SOURABH SRIVASTAVA,14684,4:04:46,so please just sit there calmly,80
DHANANJAY RANA,,,,0
TANYA JAIN,,,,0
SHASVAT SUJAY,,,,0
BHASKAR RAI,,,,0
MAHARSHI PATEL,,,,0
KHUSHBOO MITTAL,,,,0
DEV TAILOR,,,,0
LAKSHAYA JAIN,,,,0
SHISODE SAURABH SARJERAO,,,,0
ADITYA KUMAR TIWARI,8858,2:27:40,Amit Kumar Purohit,89
AADITYA SRIVASTAVA,,,,0
SOMESH SAHU,,,,0
MAAN JITENDRA BARIA,19266,5:21:08,Manjitendra Barya,87
JIHIRSH SINGH,,,,0
DIVYANSH GUPTA,,,,0
FATEH INDER SINGH,26609,7:23:31,Please sit down in your place,82
R SRIKRISHNA KASHYAP,,,,0
JAGJEET SINGH,,,,0
ANANYA SRIVASTAVA,18048,5:00:50,Ananya Shwasta,88
SUHAS SINGH,,,,0
ASHUTOSH TRIVEDI,,,,0
ARYAN BHANUSHALI,,,,0
VAIBHAV SRIVASTAVA,24257,6:44:19,Harshitsri Vastava,81
NAVEEN M RAMESH,,,,0
PRITHUYASH JOSHI,,,,0
YASH DETANI,15278,4:14:40,If you identify yourself as a girl,79
OM KUMAR MISHRA,,,,0
KANISHAK SANGWAN,,,,0
SHARMISTHA CHAKRABORTY,,,,0
MAYANK SINGH BISHT,,,,0
DHRUV BHATT,,,,0
SHIVAM KHARI,,,,0
AADISH VIKRAM CHAKRAVORTY,,,,0
SIDDHARTH SIHAG,,,,0
NIKHIL SAHU,,,,0
ATIF NEYAZ,,,,0
ADITYA GUPTA,,,,0
SIVIA ANZAL,,,,0
MANAN KOHLI,31898,8:51:40,Boshali Mondal,76
SAMARTH SONI,,,,0
SARTHAK RAJ,,,,0
SHREYANSHU BANERJEE,,,,0
VEDIKA PANDEY,,,,0
DIVYANSH JOSHI,10536,2:55:38,Vinas Yoshi,80
HANDE HARSHWARDHAN JEEVAN,11116,3:05:18,you have been presented,79
BHARGAVEE SINGH,,,,0
AVIMTA LIKHITKAR,19158,5:19:20,Avyamtha Lakitkar,83
ANUSHA A S,,,,0
ANCHIT JAIN,18568,5:09:30,Anushri Jai Sava,87
SHIVANSH BHARDWAJ,,,,0
YOGENDRA SINGH RATHOD,,,,0
PRINCY JAIN,9124,2:32:06,Pravin Lalwani,79
MANVENDRA PRATAP SINGH,,,,0
TADURU VINAY JASWANTH,27730,7:42:12,Apur Viyada,77
KOLI BHAVANA BALASAHEB,,,,0
ARJUN DAKHANE,,,,0
SAMBHAV SHAH,31708,8:48:30,Shri Rita Shah,88
ANURAG MISHRA,,,,0
ARPIT JAIN,20536,5:42:18,Chokra Jai Chokra Varthi,84
SHIVAM MIRJA MAJHI,,,,0
AKBARI VAIRAG KAMLESHBHAI,9823,2:43:45,Abhira,81
ESHAANVI SAINI,22947,6:22:29,Sitaan Sini Thirau,83
ISHA RANI,,,,0
SHAMBHAVI JHA,,,,0
MANOJ KUMAR PRADHAN,10569,2:56:11,Kumari Pragarani,90
ANSH DUBEY,25996,7:13:18,was du parameterst,78
MARIYA GRACIOUS,,,,0
ADITI BATHLA,10102,2:48:24,Bachelor of Business Administration,78
HARSH RAI,22371,6:12:53,Hari Priya,79
TAPARUP CHAKRABORTY,,,,0
BAREERA QUREISHI,18768,5:12:50,Harira Kureshi,78
DHRUV JADHAV,,,,0
YASHASVI SINGH,,,,0
RUCHA SUDHIR MENE,,,,0
ENAKSHEE MONDAL,,,,0
MOHD MUNAWWER ALI USMANI,9421,2:37:03,Mokh Sati,81
AAWHAN VYAS,,,,0
BHARTI JAYPRAKASH,13887,3:51:29,Bharti Jai Pratash,88
CHITRARTH SHRIVAS,14533,4:02:15,Chetraan Srivas,87
VIDIT RASTOGI,,,,0
PAWAR SANKET SANJAY,10728,2:58:50,Rinal Sankar,86
ABHISHEK KUMAR,,,,0
TUSHAR MISTRY,10129,2:48:51,Star Students,78
KUNAL DEV,,,,0
RIYA VERMA,20592,5:43:14,Dipayankar Riyabel Chobam Varma,90
SAUMMYADEEP NATH,,,,0
SHISHANT SINGH,,,,0
RAYAPUREDDI NAGA PALLAVI,,,,0
MADHAVAN RAMANUJ,,,,0
PRINSI VISHWAKARMA,,,,0
KOMAL SARAF,,,,0
AMASH RIAZ,,,,0
PRATHMESH UPADHYAY,,,,0
VENUS AGRAWAL,,,,0
NEMANE AMAR BIRU,10438,2:54:00,ma'am,82
MD ALTAMAS KAIF,,,,0
SAMRADH JINDAL,,,,0
DIVYA TANDON,17302,4:48:24,Ritya Chandain,73
UTKARSH ANIL WAGH,,,,0
ANKUR PRAJAPATI,,,,0
CHAUHAN YASHSINGH ASHOKSINGH,24761,6:52:43,Ashish Eskushar,85
PRAKHAR JAIN,,,,0
BHANU PRATAP SINGH,,,,0
RISHABH KUMAR SINGH,,,,0
SAHEJPREET KAUR,,,,0
KOMAL SRIVASTAVA,,,,0
ABHAY BHAL,20092,5:34:54,Anshul Abhay Phan,89
MOHD ADEEL KHAN,,,,0
UTSA SINGH BHADORIA,13897,3:51:39,Yusra Singh,89
SHIVANGI MISHRA,,,,0
SUDITI SETH,15231,4:13:53,Sit in your seat,86
MANYA GUPTA,,,,0
DOMMETI RUTHIK SUMESH,15165,4:12:47,don't do this,78
KALASH PRATAP GAUR,,,,0
MEET BIKHANI,,,,0
SANVI KOUL,,,,0
DIPTADEEP SINHA,,,,0
KHOND SUJIT SWARUPRAO,,,,0
NAMOKAR JAIN,,,,0
MRIDUL VAISHNAV,,,,0
KOSHKI UPADHYAY,,,,0
MRIDANG LALWANI,,,,0
RIDHIMA SRIVASTAVA,,,,0
GAWAS AASHUTOSH SUDHAKAR,23532,6:32:14,Anushashri,76
SUDIPA GUHA,9731,2:42:13,Suhixa S,79
SHIVANG DWIVEDI,29297,8:08:19,Anshul Jive Shwai,75
ASHUTOSH SONI,10741,2:59:03,Ashish Solanki and,83
MAYANK DAYAL,9219,2:33:41,Maya Mansari,86
ROUNAK CHAKRABORTY,14709,4:05:11,please seated on the chair,79
SOURABH JOSHI,14015,3:53:37,Saurat Joshi,89
SIDDHANT JAISWAL,,,,0
NARENDRA SINGH CHOUHAN,10748,2:59:10,Devendra Singh,88
NIKUNJ MAMODIA,,,,0
TANAY KASHYAP,14950,4:09:12,Kabbya Taylor,78
BHAVESH SINGH,10582,2:56:24,in Biotechnology who have been,83
DIVYANSH JAIN,,,,0
ANK KALA,9421,2:37:03,Banksi Kassarma,80
MOHANISH BAVISKAR,,,,0
SIDDHARTH BHASKAR,,,,0
VIPIN SOMSON,10616,2:56:58,Wapin Samsun,77
SAAJ SAXENA,12655,3:30:57,Samaj Satya,85
QUTBUDDIN JOHAR,,,,0
TRIVEN KHOUSHI,,,,0
ARNAV DALAI,,,,0
RUDRA PRATAP SINGH CHOUHAN,,,,0
R.DEVASISH,,,,0
PRANAV ZHAWAR,,,,0
GYAN VARDHAN,19956,5:32:38,Avhan Gyaas,84
ASHISH NEHRA,,,,0
BASETTY BHAVITHA,,,,0
VAYAM KULSHRESHTHA,,,,0
RACHIT SHARMA,,,,0
GOKUL S,32919,9:08:41,let's go,67
PRAKARSH SHARMA,,,,0
KAUSTAV MURALI DUVVURI,,,,0
HIMANSH SARASWAT,,,,0
ANAS KHAN,,,,0
MELLA JAGANNADHA RAMTEJ,,,,0
ADITYA PRATAP SINGH,,,,0
VAIBHAV RAJ,,,,0
SAAHIL AHMED,,,,0
SHEFALI DEWANGAN,,,,0
DABBARA MAHEEDHAR NAIDU,17684,4:54:46,Naiju Dappara,88
MANYA SRIVASTAVA,,,,0
DNYANESH MOTE,19288,5:21:30,Ganesh Mote,88
SREERAM A,27077,7:31:19,Riesherma,66
SHREYA DUTTA,31932,8:52:14,Uttar Shri Vashthal,85
SHUBHI SHRIVASTAVA,31848,8:50:50,Adved Shri Juham,84
SNIGDHA DEB,,,,0
SUHANI SINGH,9358,2:36:00,Sekobansi Bhukumar Singh,87
ANUSHKA GUPTA,,,,0
KARAN VERMA,,,,0
KRAMIK KUMAR SINGH,,,,0
VARCHASVA KHARE,21947,6:05:49,Varchash Vakhare,88
KANISHKA PRAJAPAT,,,,0
DIVYANSHU GUPTA,,,,0
T.PARVATH REDDY,,,,0
SANDIPAN NAYEK,31243,8:40:45,Anjila Prashad Nayar,77
SHRESHTHA GANGRADE,,,,0
UTKARSH SRIVASTAVA,,,,0
HANSIKA SRIVASTAVA,18239,5:04:01,Harshita,78
AAMIR KHAN,,,,0
SAVITA P UPPAR,26625,7:23:47,Upandar Satri Varus,81
MEHAR PARNAMI,12267,3:24:29,Behan Pannami,83
EISHITA PARIK,18456,5:07:38,Akshita Parih,86
GAUTHAM ASHOK,9931,2:45:33,Astha,79
ADITYA SARASWATI,29699,8:15:01,Saviyal Sabastan,77
PIYUSH SHARMA,,,,0
SIDDHARTH SINGH,,,,0
ABDUS SHAFIQ A,18424,5:07:06,Abdu Saafrik,87
SANJEEV VISHWANATH AIYER,,,,0
RAKESH SUTHAR,,,,0
WADHAI NUPUR RAJENDRA,14879,4:08:01,Radhaar Tripathi,76
MANAS PANCHOLI,,,,0
ARYA THAKUR,9011,2:30:13,Ankur Bhayar,79
KAUSHIK RAJ,,,,0
MOHIT MANU,,,,0
SHIVANSH BHUSHAN DUTT,22152,6:09:14,Debian Shiv Bhutta,86
AASHI JAIN,18624,5:10:26,Anushri Jai Sarkar,88
BHILWADIKAR SHRIHARI JAYANT,22014,6:06:56,Shri Hari Jayamthi Hilwadi,90
BISHAL BISWAS,26016,7:13:38,Ich will bis zum nächsten Mal,88
HIMANSHU RANA,,,,0
SHRESTH MISHRA,22590,6:16:32,Shrej Tamishra,90
ASTHA SINGH,,,,0
MAYUKH GHOSH,,,,0
UJJWAL KUMAR,22094,6:08:16,Ujwal Khomar,90
SUBHANGEE SAHOO,,,,0
YASHI JAIN,,,,0
VIKARN KUMAR JHA,,,,0
KUNAL KUMAR,,,,0
HARSHA SHARMA,,,,0
KANAK KOTNALA,26354,7:19:16,Lakshmi Kana,86
AAYUSH THATHERA,,,,0
VIBHANSHU VAIBHAV,22349,6:12:31,Vibhanshu Webhav,87
LUCKY KUMAR,,,,0
VAIBHAV SOLANKI,,,,0
ADRIJA DEY,,,,0
D MAMATHA,,,,0
SAMIKSHYA PRUSETH,,,,0
YASH AGARWAL,,,,0
UDIT PALIWAL,22472,6:14:34,Odit Paniwal,88
BHUPENDER SINGH,23969,6:39:31,Bhuni Singhhi,88
PRAKUL NIDHI KHARE,26116,7:15:18,Midhi Kumar,81
YASH SHUKLA,,,,0
G.HARIPRIYA,,,,0
SARTHAK TRIPATHI,,,,0
AKARSH JAIN,18171,5:02:53,Akash Jen,86
MOHMMAD SAQIB SHAHAB,30039,8:20:41,Shushal Sati,81
DIYA MATANI,22549,6:15:51,Di Mamta,86
DHRUV MISHRA,,,,0
VIPUL KUMAR,,,,0
SHREYANSH SONI,30695,8:31:37,Saloni Choresya,82
MANAS SRIVASTAVA,9850,2:44:12,Sangas Kruthi Srinath,82
JAYESH JAISWAL,26005,7:13:27,Ich wollte ja nicht gleich mal aussehen,82
HARDIK GODARA,22244,6:10:46,Harvik Vodra,83
TANVI AGARWAL,,,,0
ADITYA KASHYAP,8858,2:27:40,Kamiya Pithor De,79
DEVANSH DHYANI,22692,6:18:14,Devanch Pani,85
PHADE SWAYAM SATYAJIT,10897,3:01:39,Satyam Yadav,90
NIVEDIT AWASTHI,,,,0
ANVIKSHA PATHANIA,,,,0
VENKATA NAGA SAI PRANAV RENDUCHINTALA,31219,8:40:21,Anjila Prashad Nayar,82
KRISH MATHUR,,,,0
CHANDAK SHIVAM JUGALKISHOR,,,,0
SURAJ K V,,,,0
SUSHANTH RAO,22769,6:19:31,Shishant Rao,90
SAUMYA VISHWAKARMA,22702,6:18:24,Swayam Patel,80
ANSH CHAUHAN,17058,4:44:20,Anishwad Chaukri,85
HARSHIT AGGARWAL,22623,6:17:05,Harsh Tadrawal,86
ISHAN VIRWANI,,,,0
BAWKAR ANGIRAS DEVENDRA,,,,0
RAJGURU VAIBHAVI AJIT,23204,6:26:46,Raj Kuru Webhavi Ajiz,88
ADITYA PRAMODKUMAR PILLAI,30011,8:20:13,Aditya Rao,88
PRIYANSHI AWASTHI,23292,6:28:14,Priyanshi Avershi,87
KRUSHA SHAILESHKUMAR PATEL,,,,0
V GOURISANKAR,22394,6:13:16,Rahul Gosai,64
JIYA NARULA,31383,8:43:05,Anjila Prashad Nayar,77
DAYADEV A,18249,5:04:11,Devadrata Day,69
SHIVA NANDANAN P,,,,0
KAVYA DICHWALKAR,,,,0
VANSHIKA PATIL,23087,6:24:49,Kansika Patel,89
VARUN BHENDARKAR,22989,6:23:11,Vendruk,74
PRIYAL JAJU,,,,0
SIDHARTHA BANERJEE,26019,7:13:41,dass du über ihr Lockerhst du,80
SIDDHANTH SHRINIDHI RAO,24499,6:48:21,Shri Ram Ambri,86
SEELI IMMANUEL,9188,2:33:10,Justin Samuel,74
RACHIT GUPTA,24732,6:52:14,Harshit Gautam,81
SIDDHARTH CHOWDHURY,,,,0
JOEL CHACKO JOSEPH,23255,6:27:37,Jaya Chako Josa,89
RACHIT RICHHARIYA,,,,0
WATH BHARGAVI ASHOK,15186,4:13:08,Bear with us for some more time,79
ATHARVA TYAGI,23226,6:27:08,Athar Bhukyagi,85
ROHITTH.P,,,,0
BHAVYA MATHUR,8858,2:27:40,Atul Barve,74
CHEHAL MINOCHA,,,,0
ANANYA PANDEY,22496,6:14:58,Paniya,81
BHARDWAJ GUNJAN VIKASH,,,,0
SHREYA RAY,23522,6:32:04,Raya Gherlock,85
BHAVYA MISHRA,,,,0
JOSHI MANAS KEDAR,,,,0
GADRE RAMA SWANAND,11006,3:03:28,I call upon the graduates to stand up,81
SASIBHUSANA BEHERA,,,,0
TEJASHWEE RAMAN,,,,0
LINGESHWARI A,23497,6:31:39,Lingaishwarya,70
REUBEN MOHAN,,,,0
SHREYA A,26341,7:19:03,Shreya Jens,80
SHINJINI VERMA,,,,0
RIYA GEHLOT,,,,0
ANUSHA SREE S V,,,,0
PUTTAMRAJU NAGA SAI SRI MOUKTHIKA,29066,8:04:28,Shri Mukhi,90
VISHNU PRIYA,,,,0
TANUSHREE CHADDHA,,,,0
SARTHAK DASGUPTA,,,,0
BHAVYA KUMARI,,,,0
DIVANSHU AGARWAL,,,,0
AKHIL DUBEY,23388,6:29:50,Akhil Gube,89
KAUSTAV DASGUPTA,29277,8:07:59,Shri Vastav,79
KOPAL NARUKA,,,,0
BINISHA THAKUR,23728,6:35:30,Vinisha Taka,84
ADITI UPADHYAY,,,,0
ANANYA RAY,9159,2:32:41,Kanayar Raja,81
JEBASLIN H,23406,6:30:08,Jibaslin S,74
M TEJA,32906,9:08:28,Photography team members to come to the stage,69
MAYURI SHAH,,,,0
AMBICA GARG,,,,0
KUMARI SOUMYA SHARMA,,,,0
BHOOMI SINGHI,,,,0
NEIL SADANANDAN,,,,0
DIVYANKA SHARMA,21626,6:00:28,Debian Shadri,80
SHREYA JAIN,21564,5:59:26,Jai Shri Sharma,88
PARV JAIN,24810,6:53:32,Saurav Jaini,86
SEENIVASAN S,24147,6:42:29,Seenimasan S,77
KRITHIKA M,24296,6:44:58,Krithika Am,80
EBIN MANOJ,24180,6:43:02,Abhin Maloj,84
PRACHI SONI,,,,0
HARSHIT SHRIVASTAVA,22184,6:09:46,Shri Hari,89
ANSH RAI,,,,0
AKSHAT SONI,,,,0
TUSHAR NAGAR,,,,0
UPASANA RAI,24278,6:44:40,Upashna Rae,87
ANSHUL PATIDAR,31968,8:52:50,Anu Kuntri Patim,87
LAKSHYA BAHETI,,,,0
NEETU VISHWAKARMA,24234,6:43:56,Nitu Vishkarma,86
PRIYANSHU KUMAR SINGH,,,,0
YUVRAJ TRIVEDI,24336,6:45:38,Yuraz Triviri,87
SAKSHAM UPADHYAY,24344,6:45:46,Shrutaksham Upadhyaya,89
SREERAM M V,27155,7:32:37,Riesherma,66
PRATHAM VERMA,24565,6:49:27,Pratam Varva,87
SOUMIK DAS,24556,6:49:18,Sovek Das,88
RITEEK PANIGRAHI,,,,0
RADHIKA DHOOT,24595,6:49:57,Ravika Dhut,85
ISHVI JAIN,21490,5:58:12,Jai Shri Sharma,86
BADRIKANATH PRAHARAJ,24513,6:48:35,Bhadri Khan Praharaj,89
JAY PANDURANG HEPAT,9298,2:35:00,Puspandhan Jain,77
GAURAV SINGH,,,,0
JENISH AKHILESH MURDIA,,,,0
GANDLA DEEKSHA SAI,,,,0
SHENDE JAY JAGDISH,24627,6:50:29,Jai Shinde,88
ASISH S PRASAD,22525,6:15:27,Samikshya Prasad,89
ANJALI AHIR,,,,0
YASHASVI JAISWAL,,,,0
VITLA DURGAPRASAD,,,,0
ANUSREE K J,10775,2:59:37,Anushri K,71
MACHA VENKATA SAI GANESH,9514,2:38:36,Mayang Sait,85
KOSANAM MICHEAL,,,,0
KUSHAGRA DWIVEDI,16800,4:40:02,Lived Kumar,80
ARPIT SIVAKUMAR,,,,0
KOTHAMASI RAJ KAMAL,,,,0
MEENAKSHI RAJESH,17042,4:44:04,Ramesh,82
VIKAS TOMAR,22780,6:19:42,Tomya Vishukarma,86
ARJUN M SAJEEVAN,,,,0
PADALIYA JAMEES ASHOKKUMAR,24649,6:50:51,Badenliya Jameesh,89
ADITYA NARAYAN SHRIVASTAVA,,,,0
THARUN P M R,10698,2:58:20,Arun B,71
RIDDHI RAI,,,,0
MANU NIGAM,,,,0
YASHASVI MANOJ DWIVEDI,,,,0
PINNEPALLI RAKESH,23183,6:26:25,Ratesh Kamos Pillai,84
KANNCHI MAITHIL,,,,0
SATHEESH K,,,,0
KAVYANJALI VIJI,,,,0
JATIN KUSHWAHA,24913,6:55:15,Yatin Koshwa,85
SOORAJ S,32855,9:07:37,So,66
S R SRI NITHSH,,,,0
RUDRAANSH GUPTA,,,,0
PRINCE CHOUDHURY,,,,0
ALPANA KUMARI,,,,0
SUJAL PORWAL,,,,0
KSHITIJ KUMAR SHRIVASTAVA,17792,4:56:34,Srishti Shrivastava,87
ROHIT DUBEY,,,,0
BINCY BIJU,10576,2:56:18,for the award of Bachelor of Technology in Bi Engineering,85
ESHA SAXENA,,,,0
KASIREDDY VARA LAKSHMI PRIYANKA,,,,0
DESAI PRAJEET GAURANGBHAI,25102,6:58:24,Desai Parazhi,86
APARAJITA SHARMA,25146,6:59:08,Aprajika Sharva,88
SOURABH JANGID,,,,0
SUDESHNA PAN,25111,6:58:33,Sudeesh Napan,84
ELNA SAJI,24739,6:52:21,Alina Saji,89
SIDDHANT VERMA,24722,6:52:04,Sathant Varma,84
K V R L KRISHNA AJAY,22720,6:18:42,Anjali Yash Krishnani,87
TANVEER NOWAJ MAJUMDER,,,,0
PRANSHUL AGRAWAL,25162,6:59:24,Franchial Agrawal,86
SAGINA VIJAYENDRA PADAL,25061,6:57:43,Saqine Vijendra,86
YASH KUMAR SINGH,,,,0
HIMANSHU SRIVASTAVA,,,,0
SASIKANTH T,,,,0
PRANAVEE G P,,,,0
ALLEN SIMEON FLETCHER,,,,0
PARI S,,,,0
PULIPAKALA HARSHITHA,,,,0
ANAND LAHOTI,,,,0
PINNINTI RAGHUVEER CHOWDARY,,,,0
SHAIKH MOHAMMAD ATIULLAH,24921,6:55:23,Samohamma Atiwala,81
CHIRAG GOYAL,,,,0
SHERYL THUSSU,,,,0
KHARABE AKASH SHIVSHANKAR,10652,2:57:34,Akas Sakshana,85
NANDAKISHORE B,,,,0
SAKTHI SUNDHARAM K,,,,0
VIRAT SRIVASTAVA,10438,2:54:00,Sarav Srivastava,88
MUHAMMED ASHARUDHEEN.A,,,,0
VANSH DUGAR,,,,0
DEVA NANDAN J S,9815,2:43:37,Devangana Sujay,81
VISHU KALIER,,,,0
SIDDHARTH PALIWAL,,,,0
SRIKANTH MINISETTI,,,,0
AKSHAAY K G,,,,0
VARANASI HEMA SAI REDDY,,,,0
DEVANSH MITTAL,,,,0
ABHINAV TIROLE,,,,0
VARSHINI N,,,,0
MIKKILI VEERA VENKATA VIKAS,,,,0
DURGESH KUMAR SINGH,,,,0
SHUBHAM RATHOD,,,,0
AKSHIT SONI,,,,0
MOHD KAIF,,,,0
SHEIKH SAMEER,24699,6:51:41,Shriksh Samir,88
UJJAWAL SHARMA,,,,0
DIVYAM SRIVASTAVA,,,,0
VISTARAKULA VIJAY,,,,0
DHAGE ADITYA SURESH,,,,0
SATYA PRAKASH,,,,0
VINEET CHANDRA SRIVASTAVA,14670,4:04:32,sit on the chair in the,82
BHOMBE KUMAL GAJANAN,27346,7:35:48,Kunal Bombay,85
VINEET SINGH,26589,7:23:11,please don't crowd in the ais,79
RAUNAK GYAN,22867,6:21:09,Riyana Rula,78
ANSHIKA TANK,29805,8:16:47,Giaz Anshika Tab,89
SUMIT KUMAWAT,,,,0
AKSHAT AWADHIYA,26131,7:15:33,Akshet Avadia,89
KARTHIK NAIR,24583,6:49:45,Rathik Panigrayi,81
AYUSH MISHRA,,,,0
ISHITA BAIRAGI,,,,0
RAJEEV RANJAN,27235,7:33:57,Raji Branjan,89
DANISH MAHAJAN,,,,0
ADRIKA PANDEY,12211,3:23:33,Vande Madhram,78
HIMANSHU.RAO PEDDIBHOTLA,,,,0
ARIJIT DAS,9358,2:36:00,Artificial Intelligence Data Science,77
AARTH SHRIVASTAVA,,,,0
SAKSHI CHANDRA,,,,0
NITANK DASONDI,10616,2:56:58,Nitul Das and,83
NEHAL VYAS,,,,0
SHUBHI AGNIHOTRI,,,,0
THAKUR ARYAN PRASHAS,,,,0
DUBEY ANSHU DINESH,,,,0
BIJODE RUSHIKA SHAMBHUSING,,,,0
PAWAR CHAKSHIKA GHANSHYAM,24489,6:48:11,Thanishka,79
PRINCE SAHU,,,,0
PATIL RAJDEEP,,,,0
TAPASYA SINGH PARIHAR,8858,2:27:40,Supervisor Pushwinder Singh Pataja,89
VATSAL SONI,,,,0
MODI AKSHIKA SUNIL,,,,0
NANDINI MODI,,,,0
ANURAG SAHU,32358,8:59:20,Anu Kuntri,80
MOKSHITA JAIN,,,,0
GUDADHE JANHVI GAJENDRA,,,,0
VINEET YADAV,,,,0
TANISHA PRIYA,,,,0
BHOOMIKA BAJAJ,,,,0
ISHITA BHATT,22111,6:08:33,Akshita Bhutta,85
SAHIL SINGH,,,,0
NIDHI KANWAR,25355,7:02:37,Ich kann es nicht,81
BHOITE RUTURAJ SATISH,,,,0
DEVIKA NAIR JAYAKUMAR,,,,0
VARTIKA SINGH,,,,0
AKSHAYA J,26758,7:26:00,Akshay J,78
CHIRIKI JENITH,,,,0
NEHA KOHLI,,,,0
SUKRITI DEB,,,,0
DIYA VALSAN,,,,0
HARSH GARG,,,,0
NEKA S,,,,0
SOUNDARYA DUBE,26492,7:21:34,Tandariya Dube,89
PRIYANSHU SHARMA,,,,0
K LAKSHMI SRAVYA,27041,7:30:43,Lakshmi Shrapia,89
PRANAY SHAURYA,26357,7:19:19,Prenna Shoria,81
SHUBHAM VERMA,,,,0
APOORVA SINGH,,,,0
ADITYA NARAYAN JHA,26531,7:22:13,Aditi Narendha,85
AMULYA BHARTI .J,8858,2:27:40,Atul Barve,75
VAIBHAV BHARGAV,,,,0
SAMAR SAJAD,26103,7:15:05,Samar Fazad,89
ANSHITA SINGH,,,,0
LOKAESSHWAR. S,26769,7:26:11,Lokeshwarya,71
SARTHAK TIWARI,10129,2:48:51,Star Students,77
AISHWARYA SENAPATI,10582,2:56:24,11 others in absentia for the award of B,77
PANKH BANSAL,,,,0
PALAK SONI,,,,0
TANUSHREE MISHRA,,,,0
LIPAKSHI GIJWANI,,,,0
SARVAGYA SHIVA,,,,0
MRINALI SAHU,,,,0
CHINMAY BHOYAR,,,,0
ISHA CHOUDHARY,26632,7:23:54,Tisha Chaudhri,89
APARNA SAJEEVAN,9492,2:38:14,Sarenna Versa,76
DINESH TYAGI,,,,0
SHREYA RAJ GUPTA,,,,0
HRUSHIKA BHASKAR GOPALE,,,,0
MANAS SHARMA,,,,0
BUSAM JAHNAVI JYOTSNA,,,,0
SAYANTIKA LASKAR,,,,0
ISHA NAIK,,,,0
AMBALDHAGE UJWAL,,,,0
CLIFFORD JESTIN,,,,0
PREETHI S,26754,7:25:56,Prithi S,70
RAKSHIT RAJPUROHIT,26054,7:14:16,Rakshet Raj Khroli,89
JAVED AHMAD,26581,7:23:03,Javi Ahmed,88
KHUSHI BADANI,26736,7:25:38,Pushi Badani,87
MRUNMAYEE NAVNATH PHADTARE,,,,0
ARPITA SRIVASTAVA,15241,4:14:03,Sit down with your variant,79
DEEP NEMA,,,,0
NISHTHA RANA,,,,0
DEEKSHA BHARDWAJ,,,,0
NEHAL NISHA,10346,2:52:28,Cybersecurity Neha,88
MAYUKH MUKHERJEE,9267,2:34:29,Swetha Mukherjee,87
MOHIT KUMAR SAW,8858,2:27:40,Amit Kumar Purohit,90
DEVIKA P K,29177,8:06:19,Devika T,80
KUSUM SINHA,,,,0
DIPANKIT SARKAR,,,,0
KARTAVYA CHAUDHARY,,,,0
SINGH HARDIK KUMAR MITHILESH,,,,0
K JANARTHANAN,,,,0
SHALU KUMARI,,,,0
RIDDHIMA RAI,,,,0
SEEMA NIKHIL,,,,0
R.NIDHARSHANA,,,,0
MEHNAZ SHAFEEK,26241,7:17:23,Meda Sanjeev Reddi,77
MITHUN KARTHICK,,,,0
SHIVRAM MALIK,,,,0
NAMAN SHARMA,,,,0
FANISH KUMAR DIWAN,,,,0
PRIYANSHU TIWARI,10692,2:58:14,Himanshu Diwari,85
ASWIN M NAIR,31858,8:51:00,Ashwin Jair,89
ANMOL SHARMA,,,,0
SUVADIP PRAMANIK,,,,0
SAMRIDDHI TRIPATHI,27446,7:37:28,Samre Deetrapathi,82
EDWIN JOSE,15235,4:13:57,One second please sit down,75
ATHARV BHAVSAR,27750,7:42:32,Athar Papsar,86
TSANGCHUP GYATSO BHUTIA,,,,0
ASHIT MALLICK,,,,0
DEEPAM GOYAL,,,,0
RIYA BEHL,,,,0
JIVESH RAI,,,,0
BHUVANYU GEEL,,,,0
POWAR YASH DHANAJI,22744,6:19:06,Anjali Yash Krishnani,87
AARJAV SHARMA,,,,0
RANHVIJAY SINGH BERWAL,,,,0
ANIRUDH GUPTA,,,,0
LOKESH PURI,,,,0
KASHINATH R,,,,0
VISHAL PANDA,,,,0
GAURI PANDEY,,,,0
AYUSH PATEL,,,,0
ADITHYA S,,,,0
ABHIVYAKTI RATHOD,22874,6:21:16,Fabia Maho,74
KIRANKUMAR CH.,10992,3:03:14,two others in person for the awards of Bachelor of,74
JINNALA HEMANTH KUMAR,,,,0
JALAJ SHARMA,,,,0
PRATYUSH SHARMA,,,,0
AASHISH RAJ,30513,8:28:35,Ashish Vaj,87
MANSI SINGH,,,,0
HIMANI SHARAD ZAMBARE,27598,7:40:00,Himani Samre,90
MOHD FAIZ,,,,0
KSHITIJ PARAG UKEY,,,,0
PRIYANSHU GAUTAM,27609,7:40:11,Rianju Gautam,90
JOSHUA M VARUGHESE,,,,0
MAHI JAIN,28546,7:55:48,Mahin Nain,90
PARTH SINHA,,,,0
ANIRUDDHA GUPTA,,,,0
ACHUTH B,32022,8:53:44,Aachat B,64
VANSH VYAS,,,,0
AKSHAT VANJANI,,,,0
ARYAN PANDEY,,,,0
JOY MONDAL,,,,0
TANVI RANDHIR BADGHARE,22989,6:23:11,Baha Rangira C,87
ABHEET SETH,19086,5:18:08,I request all of you kindly be seated,79
ADHIL ALI,,,,0
PARAM YADAV,,,,0
PURIGILLA AKHILA,,,,0
BIPRAJEET SEN,,,,0
ANSH GARG,15260,4:14:22,You are not doing anything,74
MARENENI MADHAN MOHAN NAIDU,,,,0
SANIDHYA SONI,,,,0
YATHARTH VERMA,,,,0
AMAN JAISWAL,,,,0
ARK JAIN,18654,5:10:56,Anushri Jai Sarkar,89
DIVIZ PANDEY,,,,0
TAUR ABHISHEK VISHAL,,,,0
MUKESH T,27201,7:33:23,Mukesh Di,80
AMRITANGSHU DEY,,,,0
TANMYA SRIVASTAVA,,,,0
SHASHI CHATURVEDI,26470,7:21:12,Tartafia Chaudhri,79
MEHANK SAHOO,,,,0
SUBHRAJIT CHAKRABARTI,,,,0
LUCKY SAMANT,,,,0
AVIRAL YADAV,,,,0
AMARAVADI ADITHYA,20450,5:40:52,Mahamodhya Amartya,80
SAMMAN SAHA,,,,0
GAURAV GARG,,,,0
AASHI PATERIA,28645,7:57:27,Ashi Padairia,86
NIVEDITA VIJAY WAGHMARE,,,,0
JOSHI VANSHIKA VIVEK,,,,0
GAURANG KAPIL,18788,5:13:10,request the graduands kindly be seated,77
PRIYANSH RATHORE,23105,6:25:07,Ratesh Kalyan Mule,77
MAKKA SOHAIL ABBAS,27868,7:44:30,Vaka Suhail Abhas,90
BANDI JAYA SREE,,,,0
SYED MOHAMMAD SHAHID ALI,,,,0
MISHRA DIVYANSH PRADEEP,,,,0
MAHEEP GHANSHANI,9011,2:30:13,Madhu Gadanathan,74
ABHIRUCHI SWAMI,,,,0
AYUSH MONGA,18198,5:03:20,Ayos Lunga,78
KUSHAGRA CHAUDHARY,,,,0
MAYANK KUNIYAL,,,,0
DHRUV KUMAR,,,,0
VEDANT SHARMA,26400,7:20:02,Srimarat Verma,77
KHUSHI KUMARI,29107,8:05:09,Pushi Kumari,87
UTKARSH PATEL,22630,6:17:12,Gurtas Patel,89
RIYA DADLANI,,,,0
PRAGY JHA,,,,0
V A AASWIN,28086,7:48:08,Ashwin M,72
TANISHKA SOLANKI,18798,5:13:20,Thank you so much,80
NAVEEN PARMAR,,,,0
AYUSHMAAN TIWARI,27489,7:38:11,Ayushman Tavari,89
TIWARI ABHISHEK ARVIND,,,,0
HASEEB ZAKI,,,,0
SAKHARE ASMITA MANISH,,,,0
ABHIGYAN SINGH,,,,0
ARNISH BARUAH,13217,3:40:19,Tara Sanish,82
ARCHITA DEY,,,,0
DHEERAJ KUMAR,,,,0
AYUSH VISHWAKARMA,,,,0
ISHITA MISHRA,,,,0
NIRMAL ANAND,,,,0
NIHALIKA KUMARI,9159,2:32:41,Nila Anweth Kumar,88
JYOTI KUMARI,,,,0
VISHNU PRATAP CHOPRA,,,,0
AADESH KUMAR,,,,0
DIVYAM SHARMA,10754,2:59:16,Shivam Boechle,80
SHREESH DWIVEDI,,,,0
THAKARE AYUSH DEEPAK,15143,4:12:25,if you will push from there,81
JAYESH DUBEY,,,,0
DISHA JADHAV,,,,0
ANKUSH SIL,,,,0
AKSHAT BARVE,28073,7:47:55,Kashinath Ar,82
SUNAY NAGPURE,29209,8:06:51,Sune Nakpude,85
NAMAN JAIN,8698,2:25:00,Jai Hind Nandri,85
PRAKHAR JAISWAL,,,,0
SUPRAGYA SAINI,,,,0
SUBHADEEP HALDAR,,,,0
YASH JAIN,,,,0
CHINMAYA.M,,,,0
ASHWIN ABEY DASAN,29205,8:06:47,Ashwin Abedasan,90
HIMANSHI WADHWANI,,,,0
SOURABH KUMRAWAT,,,,0
PUJARI HARSHAL VIVEKANAND,,,,0
HARJAS PARTAP SINGH ROMANA,,,,0
KESHAV SHREE,30743,8:32:25,Shree Khan Patnaayar,89
AHIRE VAISHNAV PRAMOD,15173,4:12:55,Ashir Vahal,85
VIBHUSHIT BHATT,,,,0
ARCHIT PRASAD,,,,0
VAISHNAVI SINGH PARIHAR,,,,0
YASH VAISHNAV,22517,6:15:19,Yash Krishnani,86
SHRESTH DHAMA,,,,0
ANSH TRIPATHI,,,,0
ANIMESH KUMAR,,,,0
SAKSHAM GUPTA,27525,7:38:47,Sarthag Gupta,89
YADUBIR JHA,,,,0
GOURANG AGARWAL,,,,0
FABIO SEBASTIAN,,,,0
SHAUNAK SHUKLA,10781,2:59:43,Shukla Thrashtra Prisman,90
JYOTIRADITYA SINGH,,,,0
ARFAM AIJAZ,28050,7:47:32,Arfaam Azaz,89
PRIYANSHU PATEL,,,,0
MOHAMMAD ASIF RAZA,,,,0
HARDIK OBEROI,14709,4:05:11,be seated on the chair,76
TANISHQ MIGLANI,,,,0
KARANAM CHARAN TEJA,,,,0
BHAVYA N JAIN,,,,0
NAVIKA MEHROTRA,,,,0
SHIKHAR GUPTA,,,,0
HARSH CHATURVEDI,17266,4:47:48,Harvek Mishra,78
KISLAY TIWARI,,,,0
MOHD AMEEN HUSAIN,30219,8:23:41,Mohammad Amidh Hussain,88
ANJALI KUMARI,23356,6:29:18,Karnal Kumar,87
AKSHADHA RATHORE,,,,0
ANUJ RAGHUWANSHI,10834,3:00:36,Rahul Raj,75
ANSU M GEORGE,26652,7:24:14,even can go smoothly,76
ARYAMAN SARANGI,,,,0
SACHIN KUMAR,,,,0
ARCHANA PRASAD NAIR,31433,8:43:55,Anjila Prashad Nayar,90
KOLLA HARISH,,,,0
KRISHNA AGRAWAL,10992,3:03:14,Kushia Giriwal,77
JUAN JOE EDATTUKARAN,,,,0
NITISHA GAURH,,,,0
SWAYAM VINOD,,,,0
PRAKHAR SAXENA,29219,8:07:01,Rakan Sakshena,82
RITI SINHA,14595,4:03:17,Ria Singh,84
SOUROJEET GANGULY,,,,0
ALAN K BIJU,,,,0
BHAVYARAJ JAIN,,,,0
UTKARSH DEEP SRIVASTAVA,,,,0
AMRITA PALIYA,,,,0
VANSHIKA AWASTHI,,,,0
KANAN SHUKLA,,,,0
KRISHNA RAMKUMAR SAHU,22896,6:21:38,Kusha Saho,85
ANSHUMAN SINGH,,,,0
SATVIK SAXENA,,,,0
PIYUSH PAL,,,,0
JAYASHREE SHARMA,,,,0
ANUSHREE KAUSHIK,,,,0
HIMANSU SEKHAR BEHURA,10582,2:56:24,Mehra,78
DIYA SHARMA,24034,6:40:36,Debiani Sharma,88
DEBARPITA DUTTA,,,,0
NIRMALNATH.K.C,10561,2:56:03,Niranjana H,66
AADITYA ARORA,,,,0
CHINMAY GOKHALE,,,,0
YUVARAJ JAIN,,,,0
SIDDHANT SHASHIKANT MAHAJAN,30439,8:27:21,Sabhan Mahajan,88
VERMA AMANKUMAR ANIL,29615,8:13:37,Anjila Varma,90
HARDIK NAGPAL,,,,0
DHRUV SAINI,,,,0
SANJAY JITHESH MADATHIL POYIL,31868,8:51:10,Sanjay Jiish,88
SPARSH TIWARI,8728,2:25:30,STAR students,76
ADITYA ROUTH,10698,2:58:20,Aditya Ravath and,86
SHREYA TRIPATHI,27976,7:46:18,Prattin Sharma,79
JERIN JISS GEORGE,15143,4:12:25,it crits your ass here,74
AMITESH MISHRA,21889,6:04:51,Kuhu Mitesh Champa Nairya,89
ARIN BALYAN,,,,0
NAMIT RUSTAGI,31629,8:47:11,Named Rastogi,82
SHREYANSH JAIN,,,,0
TANAY SEMWAL,,,,0
PARTH MITTAL,31938,8:52:20,Pat Mithil,87
NIMISH RAO,,,,0
ADITH JOSE,,,,0
RAHUL GEHLOT,,,,0
ASHWIN J R,28720,7:58:42,Ashwin,80
NISCHAL GUPTA,,,,0
MIHIR NAIK,,,,0
PRABHATI BHATT,,,,0
KRUNAL RAKESHBHAI MODI,,,,0
GURNOOR SINGH JABBARA,,,,0
YASHASHVI SRIVASTAVA,,,,0
SHUBH GUPTA,27964,7:46:06,Shob Gopta,85
AVISHKA SRIVASTAVA,31656,8:47:38,Chitish Rivasthal,76
ARYAN ABHIJIT DESHPANDE,23235,6:27:17,Abhik Kyan,83
PRIYANSHI DADHICH,,,,0
MAJID SAMEER VALIYAT,9386,2:36:28,Master of Computer Application,77
APOORV YADAV,26855,7:27:37,Appar Shiyadav,82
BHAVYA JAIN,27420,7:37:02,Bavera Jan,87
SREEKANT PATNAIK,,,,0
VANSH KHATTAR,,,,0
SHREENITA SAHA,,,,0
ADITI SINHAROY,,,,0
GUNDLA YOGESWAR REDDY,,,,0
SIDDHARTH MOHRIL,,,,0
SAMBHAVI KANSAL,,,,0
VAIBHAV PAREKH,,,,0
ANUKUL TRIPATHI,,,,0
PAUSHALI MONDAL,10862,3:01:04,MD Abhidali,78
SHRESTHA JAISWAL,30647,8:30:49,Sreshtha Dazeshwal,84
ARYAN VIMAL EJANTKAR,,,,0
ALANKRIT SAXENA,26875,7:27:57,Alanchid Shakkehna,83
KAMMARA BHASKAR CHARI,18436,5:07:18,Khamari Dashnari,81
UDAY KUKREJA,,,,0
DHAYANIDHI.S,,,,0
TANISHQ TREHAN,9765,2:42:47,Thani,83
TORAWANE PIYUSH SAYAJI,,,,0
AMREETA SURANA,,,,0
SAILLA RAGHURAJ,,,,0
MANSA SAXENA,,,,0
NEMADE DARPAN DEEPAK,29539,8:12:21,Darvan Nimad,88
SUJAL BUNIYA,,,,0
PATEL VEDANT NILESHBHAI,,,,0
ARPIT SENGAR,23465,6:31:07,Karaditya Singh,74
YASH AGGARWAL,,,,0
HARSHIT JAIN,,,,0
PARV DAGA,,,,0
VEDANT WADEHRA,12219,3:23:41,Vande Madhram,79
VANSH SHARMA,,,,0
JESIN SAJI,30109,8:21:51,Jansin Saji,88
WRISHITA PAUL,,,,0
ANIRUDDHA SHIL,,,,0
KONDURU HEMANTH VARMA,30379,8:26:21,Heman Twarma,88
DEVANSH AGARWAL,,,,0
SRIRAJ PILLAI,31952,8:52:34,Shri Rash Pillai,89
SANIDHYA SAHU,,,,0
SAURABH SARKAR,18694,5:11:36,Anushri Jai Sarkar,90
SURYANSH PARASHAR,31986,8:53:08,Sparsh Devari,80
B PRANAY GOUD,,,,0
STEVE SOJAN,14677,4:04:39,please don't stand there unless your,75
MAULIC GOLA,9358,2:36:00,Gold Medalist,82
GARVIT GUPTA,,,,0
KUNCHE SREEMUKHI,,,,0
VANSH DUDEJA,,,,0
ADITI SHRIVASTAVA,29889,8:18:11,Shri Ki Janit,80
DEVIKA T NAIR,,,,0
SAMRIDH RASTOGI,,,,0
MEENAKSHI S MENON,15227,4:13:49,let me sit here,82
SAMAKSH JAIN,21540,5:59:02,Jai Shri Sharma,86
JAGTAP ATHARV VIKAS,,,,0
SAMAY JAIN,21588,5:59:50,Jai Shri Sharma,89
NIKHIL DHANDA,,,,0
VAIDIK MANE,12201,3:23:23,Vande Madhram,77
SAHIB BASSI,15148,4:12:30,Ashir Vahal,76
DALVI KSHITIJ MAYAJI,29367,8:09:29,Shetej Dalvi,87
AROMAL S K,30055,8:20:57,Arumal S,73
ADWAITH SHYJU M,,,,0
RAGHAV SHARMA,,,,0
SUSHIL SHETTY,,,,0
VYAS ARJUN GUDLAVALLETI,28125,7:48:47,Vias Arjunji,90
SWAYAM MISHRA,,,,0
RHYTHM JAIN,,,,0
MAKADIA NIDAT CHANDRESHBHAI,26949,7:29:11,Ma Karya Niddhas Chandraipai,86
SALONI CHAURASIA,,,,0
KSHITIZ SRIVASTAVA,17988,4:59:50,Srishti Shrivastava,86
AAKANSH YADAV,,,,0
SONI AMAN SHIVKUMAR,10550,2:55:52,Shivani Shoni,90
SOUTRIK DANA,29549,8:12:31,Satrik Daha,87
SHAYAN SINGHA,,,,0
MANANSINH K SANDHALIYA,,,,0
AMNA EQBAL,,,,0
ANCHAL KUMAR,,,,0
VIJETA SHRIVASTAVA,23378,6:29:40,Girarchi Vasta,74
SHREYA DAYAL,,,,0
ANUSHKA DAS,19092,5:18:14,Anusha As,89
SWETHA ANILKUMAR NAIR,31191,8:39:53,Anjila Prashad Nayar,83
KARMANYA BATRA,10919,3:02:01,Lavanya Bashira in absentia for the awards of,81
ANANTH R NAMBISSAN,,,,0
ANSHIKA BHATT,,,,0
ASHUTOSH TRIPATHI,,,,0
SHRUTI MAURYA,,,,0
RAJEEVA LOCHANA M E,29417,8:10:19,Radhiva Lochna,85
SHAKTHI M,,,,0
PRABHAT JHA,,,,0
KUSH NAIK,,,,0
POORVA VERMA,,,,0
ARMAAN AKHTER CHOWDHARY,10810,3:00:12,Argan Chgar,83
SAWARI MAYUR JAMGAONKAR,,,,0
NEELLOHIT DASGUPTA,,,,0
VINAY KUMAR,,,,0
SANSKAR USRETAY,,,,0
PAGAR KSHITIJ PANKAJ,27684,7:41:26,Paga Shetej,88
CHOPADE ANUP PANDURANG,32388,8:59:50,Anu Kuntri,86
PRATYUSH KASHYAP MISHRA,,,,0
ANJEELA VERMA,29595,8:13:17,Anjila Varma,89
RITAM GOSWAMI,10593,2:56:35,Siam Jan,75
SHAMANTHULA THARUNYASRI,,,,0
RIDDHI BHISIKAR,,,,0
SHIVANGI PANDEY,,,,0
ADITYA NAYAK,,,,0
DWEEPAYAN KAR,,,,0
